<?xml version="1.0" encoding="UTF-8"?>
<project xmlns="http://maven.apache.org/POM/4.0.0" xmlns:xsi="http://www.w3.org/2001/XMLSchema-instance" xsi:schemaLocation="http://maven.apache.org/POM/4.0.0 http://maven.apache.org/maven-v4_0_0.xsd">
  <parent>
    <artifactId>BookRecommender</artifactId>
    <groupId>org.BABO</groupId>
    <version>1.0-SNAPSHOT</version>
  </parent>
  <modelVersion>4.0.0</modelVersion>
  <artifactId>client</artifactId>
  <build>
    <plugins>
      <plugin>
        <artifactId>maven-compiler-plugin</artifactId>
        <version>${maven.compiler.plugin.version}</version>
        <configuration>
          <release>17</release>
          <source>17</source>
          <target>17</target>
        </configuration>
      </plugin>
      <plugin>
        <groupId>org.openjfx</groupId>
        <artifactId>javafx-maven-plugin</artifactId>
        <version>0.0.8</version>
        <configuration>
          <mainClass>org.BABO.client.ClientApplication</mainClass>
          <options>
            <option>--add-modules</option>
            <option>javafx.controls,javafx.fxml</option>
            <option>--add-opens</option>
            <option>javafx.graphics/com.sun.javafx.application=ALL-UNNAMED</option>
            <option>--add-opens</option>
            <option>javafx.base/com.sun.javafx.reflect=ALL-UNNAMED</option>
          </options>
        </configuration>
      </plugin>
      <plugin>
        <groupId>org.codehaus.mojo</groupId>
        <artifactId>exec-maven-plugin</artifactId>
        <version>3.1.0</version>
        <configuration>
          <mainClass>org.BABO.client.ClientApplication</mainClass>
          <commandlineArgs>--add-modules javafx.controls,javafx.fxml --add-opens javafx.graphics/com.sun.javafx.application=ALL-UNNAMED --add-opens javafx.base/com.sun.javafx.reflect=ALL-UNNAMED</commandlineArgs>
          <systemProperties>
            <systemProperty>
              <key>java.awt.headless</key>
              <value>false</value>
            </systemProperty>
            <systemProperty>
              <key>javafx.platform</key>
              <value>desktop</value>
            </systemProperty>
            <systemProperty>
              <key>prism.forceGPU</key>
              <value>false</value>
            </systemProperty>
          </systemProperties>
        </configuration>
      </plugin>
      <plugin>
        <artifactId>maven-shade-plugin</artifactId>
        <version>3.4.1</version>
        <executions>
          <execution>
            <phase>package</phase>
            <goals>
              <goal>shade</goal>
            </goals>
            <configuration>
              <transformers>
                <transformer>
                  <mainClass>org.BABO.client.ClientApplication</mainClass>
                </transformer>
              </transformers>
              <filters>
                <filter>
                  <artifact>*:*</artifact>
                  <excludes>
                    <exclude>META-INF/*.SF</exclude>
                    <exclude>META-INF/*.DSA</exclude>
                    <exclude>META-INF/*.RSA</exclude>
                  </excludes>
                </filter>
              </filters>
            </configuration>
          </execution>
        </executions>
      </plugin>
    </plugins>
  </build>
  <profiles>
    <profile>
      <id>mac</id>
      <properties>
        <javafx.runtime.args>--add-opens javafx.graphics/com.sun.javafx.application=ALL-UNNAMED -Djava.awt.headless=false</javafx.runtime.args>
      </properties>
    </profile>
    <profile>
      <id>windows</id>
      <properties>
        <javafx.runtime.args>--add-modules javafx.controls,javafx.fxml -Dprism.forceGPU=false</javafx.runtime.args>
      </properties>
    </profile>
    <profile>
      <id>linux</id>
      <properties>
        <javafx.runtime.args>--add-modules javafx.controls,javafx.fxml</javafx.runtime.args>
      </properties>
    </profile>
  </profiles>
  <properties>
    <project.build.sourceEncoding>UTF-8</project.build.sourceEncoding>
    <javafx.version>21.0.2</javafx.version>
    <maven.compiler.target>17</maven.compiler.target>
    <maven.compiler.source>17</maven.compiler.source>
    <maven.compiler.plugin.version>3.11.0</maven.compiler.plugin.version>
  </properties>
</project>
